{
  "test_info": {
    "test_duration": "45.11秒",
    "test_time": "2025-08-11 21:23:37",
    "total_tests": 5,
    "passed_tests": 3,
    "failed_tests": 2,
    "success_rate": "60.0%"
  },
  "test_results": {
    "theory_mapper": {
      "status": "PASS",
      "supported_languages": [
        "rust",
        "go",
        "python",
        "typescript",
        "java",
        "csharp"
      ],
      "supported_patterns": [
        "petri_net",
        "state_machine",
        "temporal_logic"
      ],
      "coverage": {
        "petri_net": [
          "go",
          "python",
          "rust"
        ],
        "state_machine": [
          "go",
          "python",
          "rust"
        ],
        "temporal_logic": [
          "go",
          "python",
          "rust"
        ]
      }
    },
    "code_generator": {
      "status": "PASS",
      "output": "映射模板: state_machine_python.template\n✅ 生成4个文件 (language=python, dry_run=True)"
    },
    "verification_engine": {
      "status": "FAIL",
      "error": "验证过程异常"
    },
    "comprehensive_demo": {
      "status": "FAIL",
      "error": "演示过程异常"
    },
    "tool_integration": {
      "status": "PASS",
      "mapper_template": "state_machine_rust.template",
      "integration_flow": "映射工具 → 代码生成器"
    }
  },
  "summary": {
    "overall_status": "FAIL",
    "recommendations": [
      "需要修复失败的测试: verification_engine, comprehensive_demo",
      "映射工具支持 9 种模式-语言组合",
      "工具链集成良好，可以支持端到端的理论到代码生成流程"
    ]
  }
}